Nume Specie,Categorie,Greutate (Kg),Durata de viata (ani),Habitat,Pericol de disparitie,Viteza (Km/h),Inaltime (m),Culoare
Maimuta,Mamifer,2.71,9,Jungla,Nu,25.92830618892508,0.73,Maro
Papagal,Pasare,70.94517964071856,52,Jungla,Nu,25.92830618892508,1.0056589147286823,Rosu
Sarpe Boa,Reptila,70.94517964071856,2,Jungla,Nu,0.82,1.0056589147286823,Alb
Sarpe Boa,Reptila,70.94517964071856,10,Padure,Da,1.59,1.0056589147286823,Verde
Lup,Mamifer,19.51,2,Padure,Da,57.68,1.0056589147286823,Alb
Vipera,Reptila,70.94517964071856,1,Jungla,Nu,2.75,1.0056589147286823,Verde
Sarpe Boa,Reptila,70.94517964071856,19,Jungla,Nu,0.92,1.0056589147286823,Alb
Strut,Pasare,2.6,2,Padure,Nu,25.92830618892508,2.3,Alb
Camila,Mamifer,624.88,11,Desert,Nu,39.55,1.53,Maro
Papagal,Pasare,70.94517964071856,4,Jungla,Da,25.92830618892508,1.0056589147286823,Verde
Soparla,Reptila,0.13,6,Desert,Nu,16.66,0.11,Alb
Soparla,Reptila,0.13,5,Padure,Nu,16.13,0.15,Verde
Bufnita,Pasare,70.94517964071856,19,Padure,Nu,25.92830618892508,1.0056589147286823,Alb
Camila,Mamifer,223.44,44,Desert,Nu,54.27,1.63,Bej
Bufnita,Pasare,70.94517964071856,11,Padure,Nu,25.92830618892508,1.0056589147286823,Gri
Sarpe Boa,Reptila,70.94517964071856,14,Jungla,Nu,0.69,1.0056589147286823,Maro
Sarpe Boa,Reptila,70.94517964071856,19,Jungla,Nu,0.72,1.0056589147286823,Verde
Strut,Pasare,81.06,1,Padure,Nu,25.92830618892508,2.31,Negru
Strut,Pasare,104.12,1,Desert,Nu,25.92830618892508,2.27,Alb
Lup,Mamifer,32.58,9,Padure,Nu,52.78,1.0056589147286823,Alb
Camila,Mamifer,505.61,41,Desert,Nu,53.73,1.0,Bej
Lup,Mamifer,31.64,9,Padure,Da,58.42,1.0056589147286823,Cenusiu
Sarpe Boa,Reptila,70.94517964071856,21,Jungla,Nu,1.35,1.0056589147286823,Alb
Soparla,Reptila,0.11,14,Jungla,Nu,16.72,0.1,Alb
Maimuta,Mamifer,2.66,19,Jungla,Nu,25.92830618892508,0.75,Bej
Maimuta,Mamifer,3.97,13,Jungla,Nu,25.92830618892508,0.77,Bej
Bufnita,Pasare,70.94517964071856,8,Padure,Nu,25.92830618892508,1.0056589147286823,Alb
Sarpe Boa,Reptila,70.94517964071856,26,Jungla,Nu,0.51,1.0056589147286823,Maro
Vipera,Reptila,70.94517964071856,14,Jungla,Nu,3.81,1.0056589147286823,Verde
Lup,Mamifer,5.51,13,Padure,Nu,56.81,1.0056589147286823,Cenusiu
Bufnita,Pasare,70.94517964071856,8,Padure,Nu,25.92830618892508,1.0056589147286823,Negru
Soparla,Reptila,0.19,5,Padure,Nu,19.51,0.06,Maro
Bufnita,Pasare,70.94517964071856,3,Padure,Da,25.92830618892508,1.0056589147286823,Alb
Maimuta,Mamifer,0.4,4,Jungla,Nu,25.92830618892508,0.64,Bej
Bufnita,Pasare,70.94517964071856,12,Padure,Nu,25.92830618892508,1.0056589147286823,Alb
Maimuta,Mamifer,0.8,19,Jungla,Nu,25.92830618892508,0.38,Bej
Lup,Mamifer,22.39,2,Padure,Nu,55.24,1.0056589147286823,Cenusiu
Maimuta,Mamifer,1.0,3,Jungla,Nu,25.92830618892508,0.42,Bej
Papagal,Pasare,70.94517964071856,54,Jungla,Da,25.92830618892508,1.0056589147286823,Albastru
Strut,Pasare,21.23,2,Desert,Nu,25.92830618892508,1.59,Negru
Soparla,Reptila,0.19,18,Jungla,Nu,18.91,0.07,Verde
Camila,Mamifer,32.11,15,Desert,Nu,34.27,1.7,Maro
Soparla,Reptila,0.27,7,Jungla,Nu,16.69,0.06,Maro
Maimuta,Mamifer,2.54,8,Jungla,Nu,25.92830618892508,0.73,Bej
Papagal,Pasare,70.94517964071856,17,Jungla,Nu,25.92830618892508,1.0056589147286823,Rosu
Lup,Mamifer,1.2,8,Padure,Nu,51.06,1.0056589147286823,Cenusiu
Papagal,Pasare,70.94517964071856,52,Jungla,Nu,25.92830618892508,1.0056589147286823,Albastru
Soparla,Reptila,0.11,16,Desert,Nu,15.58,0.06,Verde
Maimuta,Mamifer,1.98,21,Jungla,Nu,25.92830618892508,0.85,Bej
Bufnita,Pasare,70.94517964071856,12,Padure,Nu,25.92830618892508,1.0056589147286823,Gri
Strut,Pasare,3.2,1,Desert,Nu,25.92830618892508,1.7,Negru
Papagal,Pasare,70.94517964071856,30,Jungla,Nu,25.92830618892508,1.0056589147286823,Verde
Vipera,Reptila,70.94517964071856,4,Jungla,Nu,2.4,1.0056589147286823,Negru
Bufnita,Pasare,70.94517964071856,13,Padure,Nu,25.92830618892508,1.0056589147286823,Negru
Papagal,Pasare,70.94517964071856,36,Jungla,Nu,25.92830618892508,1.0056589147286823,Verde
Sarpe Boa,Reptila,70.94517964071856,20,Jungla,Da,0.92,1.0056589147286823,Alb
Soparla,Reptila,0.18,13,Padure,Nu,19.3,0.06,Alb
Bufnita,Pasare,70.94517964071856,15,Padure,Nu,25.92830618892508,1.0056589147286823,Gri
Bufnita,Pasare,70.94517964071856,7,Padure,Da,25.92830618892508,1.0056589147286823,Gri
Vipera,Reptila,70.94517964071856,4,Jungla,Nu,4.66,1.0056589147286823,Negru
Lup,Mamifer,42.69,3,Padure,Nu,58.65,1.0056589147286823,Cenusiu
Bufnita,Pasare,70.94517964071856,15,Padure,Nu,25.92830618892508,1.0056589147286823,Alb
Bufnita,Pasare,70.94517964071856,4,Padure,Nu,25.92830618892508,1.0056589147286823,Alb
Soparla,Reptila,0.11,16,Padure,Nu,15.68,0.09,Alb
Bufnita,Pasare,70.94517964071856,2,Padure,Nu,25.92830618892508,1.0056589147286823,Gri
Bufnita,Pasare,70.94517964071856,11,Padure,Nu,25.92830618892508,1.0056589147286823,Negru
Vipera,Reptila,70.94517964071856,4,Padure,Nu,3.17,1.0056589147286823,Cenusiu
Sarpe Boa,Reptila,70.94517964071856,28,Jungla,Nu,1.66,1.0056589147286823,Verde
Papagal,Pasare,70.94517964071856,41,Padure,Da,25.92830618892508,1.0056589147286823,Rosu
Sarpe Boa,Reptila,70.94517964071856,7,Jungla,Nu,0.51,1.0056589147286823,Verde
Maimuta,Mamifer,0.97,8,Jungla,Nu,25.92830618892508,0.42,Bej
Vipera,Reptila,70.94517964071856,12,Jungla,Nu,4.47,1.0056589147286823,Negru
Papagal,Pasare,70.94517964071856,12,Jungla,Nu,25.92830618892508,1.0056589147286823,Verde
Camila,Mamifer,379.19,5,Desert,Nu,62.91,1.59,Bej
Vipera,Reptila,70.94517964071856,1,Jungla,Da,3.33,1.0056589147286823,Negru
Maimuta,Mamifer,3.49,15,Jungla,Nu,25.92830618892508,0.9,Maro
Bufnita,Pasare,70.94517964071856,3,Padure,Nu,25.92830618892508,1.0056589147286823,Alb
Camila,Mamifer,464.7,41,Desert,Nu,57.0,1.19,Bej
Soparla,Reptila,0.13,18,Jungla,Nu,17.52,0.14,Maro
Bufnita,Pasare,70.94517964071856,15,Padure,Nu,25.92830618892508,1.0056589147286823,Alb
Strut,Pasare,95.3,2,Desert,Nu,25.92830618892508,1.92,Negru
Bufnita,Pasare,70.94517964071856,15,Padure,Da,25.92830618892508,1.0056589147286823,Gri
Soparla,Reptila,0.26,1,Padure,Nu,19.56,0.06,Maro
Papagal,Pasare,70.94517964071856,1,Jungla,Nu,25.92830618892508,1.0056589147286823,Rosu
Lup,Mamifer,27.8,10,Padure,Nu,56.94,1.0056589147286823,Cenusiu
Vipera,Reptila,70.94517964071856,6,Padure,Nu,3.36,1.0056589147286823,Verde
Papagal,Pasare,70.94517964071856,19,Jungla,Nu,25.92830618892508,1.0056589147286823,Verde
Strut,Pasare,40.28,2,Desert,Nu,25.92830618892508,1.95,Alb
Camila,Mamifer,333.29,22,Desert,Da,57.77,1.42,Maro
Papagal,Pasare,70.94517964071856,32,Jungla,Nu,25.92830618892508,1.0056589147286823,Verde
Bufnita,Pasare,70.94517964071856,14,Padure,Nu,25.92830618892508,1.0056589147286823,Gri
Lup,Mamifer,20.12,4,Padure,Nu,50.82,1.0056589147286823,Alb
Strut,Pasare,75.83,2,Desert,Nu,25.92830618892508,2.01,Alb
Maimuta,Mamifer,1.16,18,Jungla,Nu,25.92830618892508,0.56,Maro
Sarpe Boa,Reptila,70.94517964071856,29,Jungla,Nu,1.59,1.0056589147286823,Alb
Papagal,Pasare,70.94517964071856,26,Jungla,Nu,25.92830618892508,1.0056589147286823,Verde
Sarpe Boa,Reptila,70.94517964071856,9,Padure,Nu,0.9,1.0056589147286823,Verde
Maimuta,Mamifer,1.14,13,Jungla,Da,25.92830618892508,0.38,Bej
Strut,Pasare,34.69,2,Desert,Da,25.92830618892508,1.73,Negru
Papagal,Pasare,70.94517964071856,31,Jungla,Nu,25.92830618892508,1.0056589147286823,Rosu
Sarpe Boa,Reptila,70.94517964071856,3,Padure,Nu,0.5,1.0056589147286823,Verde
Bufnita,Pasare,70.94517964071856,17,Padure,Nu,25.92830618892508,1.0056589147286823,Gri
Lup,Mamifer,2.7,14,Padure,Nu,56.19,1.0056589147286823,Alb
Bufnita,Pasare,70.94517964071856,12,Padure,Nu,25.92830618892508,1.0056589147286823,Negru
Papagal,Pasare,70.94517964071856,48,Jungla,Nu,25.92830618892508,1.0056589147286823,Verde
Strut,Pasare,71.06,2,Desert,Da,25.92830618892508,2.43,Alb
Soparla,Reptila,0.16,7,Desert,Nu,15.09,0.13,Verde
Bufnita,Pasare,70.94517964071856,2,Padure,Nu,25.92830618892508,1.0056589147286823,Gri
Sarpe Boa,Reptila,70.94517964071856,1,Jungla,Nu,1.97,1.0056589147286823,Maro
Maimuta,Mamifer,0.22,22,Jungla,Nu,25.92830618892508,0.55,Bej
Vipera,Reptila,70.94517964071856,4,Jungla,Da,4.32,1.0056589147286823,Cenusiu
Vipera,Reptila,70.94517964071856,7,Padure,Nu,3.66,1.0056589147286823,Verde
Bufnita,Pasare,70.94517964071856,4,Padure,Nu,25.92830618892508,1.0056589147286823,Negru
Camila,Mamifer,166.8,14,Desert,Nu,41.89,1.87,Maro
Sarpe Boa,Reptila,70.94517964071856,18,Jungla,Nu,0.97,1.0056589147286823,Maro
Papagal,Pasare,70.94517964071856,4,Jungla,Da,25.92830618892508,1.0056589147286823,Rosu
Strut,Pasare,133.04,1,Desert,Da,25.92830618892508,1.94,Negru
Camila,Mamifer,183.66,27,Desert,Nu,30.95,1.79,Maro
Lup,Mamifer,4.32,7,Padure,Nu,53.03,1.0056589147286823,Alb
Sarpe Boa,Reptila,70.94517964071856,6,Padure,Nu,1.02,1.0056589147286823,Maro
Lup,Mamifer,18.85,11,Padure,Da,52.5,1.0056589147286823,Cenusiu
Camila,Mamifer,82.2,15,Desert,Nu,34.73,1.38,Bej
Bufnita,Pasare,70.94517964071856,6,Padure,Nu,25.92830618892508,1.0056589147286823,Gri
Maimuta,Mamifer,3.95,2,Jungla,Nu,25.92830618892508,0.83,Maro
Maimuta,Mamifer,3.46,19,Jungla,Nu,25.92830618892508,0.74,Bej
Strut,Pasare,134.82,1,Padure,Nu,25.92830618892508,1.74,Negru
Lup,Mamifer,19.79,11,Padure,Da,58.15,1.0056589147286823,Cenusiu
Camila,Mamifer,573.39,21,Desert,Nu,31.81,1.13,Maro
Camila,Mamifer,625.88,25,Desert,Nu,30.82,1.36,Maro
Soparla,Reptila,0.15,4,Jungla,Nu,15.87,0.06,Maro
Strut,Pasare,14.44,1,Desert,Nu,25.92830618892508,1.7,Negru
Sarpe Boa,Reptila,70.94517964071856,17,Jungla,Nu,0.77,1.0056589147286823,Alb
Camila,Mamifer,660.54,17,Desert,Nu,45.63,1.32,Maro
Papagal,Pasare,70.94517964071856,23,Jungla,Nu,25.92830618892508,1.0056589147286823,Verde
Maimuta,Mamifer,2.41,20,Jungla,Nu,25.92830618892508,0.68,Bej
Papagal,Pasare,70.94517964071856,34,Jungla,Nu,25.92830618892508,1.0056589147286823,Albastru
Lup,Mamifer,7.57,13,Padure,Da,57.0,1.0056589147286823,Cenusiu
Soparla,Reptila,0.25,8,Desert,Nu,16.25,0.09,Maro
Bufnita,Pasare,70.94517964071856,11,Padure,Nu,25.92830618892508,1.0056589147286823,Negru
Sarpe Boa,Reptila,70.94517964071856,21,Jungla,Da,0.92,1.0056589147286823,Maro
Maimuta,Mamifer,3.11,25,Jungla,Da,25.92830618892508,0.46,Bej
Maimuta,Mamifer,1.0,12,Jungla,Nu,25.92830618892508,0.4,Bej
Sarpe Boa,Reptila,70.94517964071856,19,Jungla,Nu,1.4,1.0056589147286823,Verde
Bufnita,Pasare,70.94517964071856,5,Padure,Nu,25.92830618892508,1.0056589147286823,Gri
Vipera,Reptila,70.94517964071856,6,Padure,Nu,2.14,1.0056589147286823,Cenusiu
Papagal,Pasare,70.94517964071856,34,Jungla,Nu,25.92830618892508,1.0056589147286823,Verde
Maimuta,Mamifer,0.21,8,Jungla,Nu,25.92830618892508,0.34,Maro
Sarpe Boa,Reptila,70.94517964071856,10,Jungla,Nu,1.84,1.0056589147286823,Alb
Bufnita,Pasare,70.94517964071856,9,Padure,Da,25.92830618892508,1.0056589147286823,Alb
Sarpe Boa,Reptila,70.94517964071856,14,Padure,Nu,0.66,1.0056589147286823,Verde
Papagal,Pasare,70.94517964071856,13,Jungla,Nu,25.92830618892508,1.0056589147286823,Albastru
Vipera,Reptila,70.94517964071856,7,Padure,Nu,2.74,1.0056589147286823,Cenusiu
Strut,Pasare,40.9,2,Desert,Nu,25.92830618892508,1.86,Negru
Camila,Mamifer,413.25,21,Desert,Nu,45.71,1.68,Maro
Lup,Mamifer,10.77,6,Padure,Da,50.66,1.0056589147286823,Alb
Papagal,Pasare,70.94517964071856,56,Jungla,Nu,25.92830618892508,1.0056589147286823,Albastru
Bufnita,Pasare,70.94517964071856,10,Padure,Nu,25.92830618892508,1.0056589147286823,Alb
Bufnita,Pasare,70.94517964071856,18,Padure,Nu,25.92830618892508,1.0056589147286823,Gri
Lup,Mamifer,8.25,13,Padure,Nu,51.65,1.0056589147286823,Cenusiu
Vipera,Reptila,70.94517964071856,14,Padure,Nu,2.32,1.0056589147286823,Negru
Lup,Mamifer,32.8,2,Padure,Da,51.38,1.0056589147286823,Cenusiu
Maimuta,Mamifer,2.04,26,Jungla,Nu,25.92830618892508,1.0,Bej
Vipera,Reptila,70.94517964071856,13,Jungla,Nu,4.68,1.0056589147286823,Negru
Bufnita,Pasare,70.94517964071856,19,Padure,Nu,25.92830618892508,1.0056589147286823,Negru
Soparla,Reptila,0.27,5,Desert,Da,15.22,0.09,Alb
Vipera,Reptila,70.94517964071856,3,Jungla,Nu,2.91,1.0056589147286823,Verde
Lup,Mamifer,2.98,6,Padure,Nu,58.9,1.0056589147286823,Cenusiu
Strut,Pasare,49.16,2,Padure,Nu,25.92830618892508,1.7,Negru
Vipera,Reptila,70.94517964071856,9,Padure,Nu,4.68,1.0056589147286823,Verde
Maimuta,Mamifer,3.86,16,Jungla,Nu,25.92830618892508,0.63,Bej
Papagal,Pasare,70.94517964071856,7,Padure,Nu,25.92830618892508,1.0056589147286823,Verde
Papagal,Pasare,70.94517964071856,53,Jungla,Nu,25.92830618892508,1.0056589147286823,Albastru
Camila,Mamifer,683.11,24,Desert,Nu,38.88,1.63,Bej
Papagal,Pasare,70.94517964071856,45,Jungla,Nu,25.92830618892508,1.0056589147286823,Rosu
Sarpe Boa,Reptila,70.94517964071856,6,Jungla,Nu,1.25,1.0056589147286823,Verde
Bufnita,Pasare,70.94517964071856,19,Padure,Da,25.92830618892508,1.0056589147286823,Gri
Soparla,Reptila,0.23,11,Desert,Nu,15.38,0.08,Maro
Sarpe Boa,Reptila,70.94517964071856,27,Padure,Nu,1.67,1.0056589147286823,Verde
Maimuta,Mamifer,3.72,22,Jungla,Nu,25.92830618892508,0.98,Bej
Strut,Pasare,89.43,1,Padure,Nu,25.92830618892508,1.63,Negru
Camila,Mamifer,292.49,21,Desert,Nu,40.0,1.52,Bej
Bufnita,Pasare,70.94517964071856,2,Padure,Nu,25.92830618892508,1.0056589147286823,Gri
Camila,Mamifer,476.19,6,Desert,Nu,47.46,1.92,Maro
Camila,Mamifer,127.56,38,Desert,Nu,62.35,1.37,Maro
Sarpe Boa,Reptila,70.94517964071856,17,Jungla,Da,1.19,1.0056589147286823,Maro
Soparla,Reptila,0.26,13,Desert,Nu,16.52,0.06,Verde
Maimuta,Mamifer,1.11,11,Jungla,Nu,25.92830618892508,0.55,Maro
Bufnita,Pasare,70.94517964071856,10,Padure,Nu,25.92830618892508,1.0056589147286823,Gri
Camila,Mamifer,9.2,38,Desert,Nu,48.94,1.41,Maro
Strut,Pasare,30.17,2,Padure,Nu,25.92830618892508,2.4,Negru
Papagal,Pasare,70.94517964071856,40,Jungla,Nu,25.92830618892508,1.0056589147286823,Verde
Soparla,Reptila,0.3,11,Jungla,Da,17.77,0.13,Maro
Maimuta,Mamifer,0.59,20,Jungla,Nu,25.92830618892508,0.61,Bej
Papagal,Pasare,70.94517964071856,21,Jungla,Nu,25.92830618892508,1.0056589147286823,Verde
Strut,Pasare,127.27,2,Desert,Nu,25.92830618892508,2.35,Negru
Bufnita,Pasare,70.94517964071856,10,Padure,Nu,25.92830618892508,1.0056589147286823,Gri
Lup,Mamifer,35.6,12,Padure,Nu,54.44,1.0056589147286823,Cenusiu
Papagal,Pasare,70.94517964071856,25,Padure,Nu,25.92830618892508,1.0056589147286823,Albastru
Lup,Mamifer,26.24,4,Padure,Nu,53.37,1.0056589147286823,Cenusiu
Strut,Pasare,14.73,2,Desert,Nu,25.92830618892508,1.52,Alb
Strut,Pasare,34.12,1,Padure,Nu,25.92830618892508,2.49,Alb
Vipera,Reptila,70.94517964071856,11,Padure,Nu,4.62,1.0056589147286823,Cenusiu
Strut,Pasare,59.05,2,Desert,Da,25.92830618892508,1.95,Alb
Maimuta,Mamifer,2.82,9,Jungla,Nu,25.92830618892508,0.31,Bej
Strut,Pasare,18.46,2,Desert,Nu,25.92830618892508,1.8,Negru
Lup,Mamifer,44.4,10,Padure,Nu,59.08,1.0056589147286823,Cenusiu
Maimuta,Mamifer,0.39,19,Jungla,Nu,25.92830618892508,0.55,Maro
Vipera,Reptila,70.94517964071856,5,Jungla,Nu,3.07,1.0056589147286823,Cenusiu
Bufnita,Pasare,70.94517964071856,16,Padure,Nu,25.92830618892508,1.0056589147286823,Gri
Camila,Mamifer,556.39,10,Desert,Nu,34.1,1.06,Bej
Strut,Pasare,83.35,1,Desert,Da,25.92830618892508,2.12,Alb
Soparla,Reptila,0.26,16,Jungla,Nu,15.78,0.15,Maro
Papagal,Pasare,70.94517964071856,57,Padure,Nu,25.92830618892508,1.0056589147286823,Rosu
Vipera,Reptila,70.94517964071856,11,Padure,Nu,3.87,1.0056589147286823,Cenusiu
Strut,Pasare,45.77,2,Desert,Nu,25.92830618892508,2.32,Negru
Lup,Mamifer,20.54,12,Padure,Nu,54.64,1.0056589147286823,Cenusiu
Camila,Mamifer,141.38,10,Desert,Nu,59.16,1.35,Maro
Lup,Mamifer,15.15,10,Padure,Nu,56.63,1.0056589147286823,Cenusiu
Soparla,Reptila,0.23,4,Desert,Nu,19.83,0.12,Alb
Maimuta,Mamifer,0.2,18,Jungla,Nu,25.92830618892508,0.44,Bej
Lup,Mamifer,19.45,5,Padure,Nu,57.67,1.0056589147286823,Cenusiu
Lup,Mamifer,27.18,4,Padure,Nu,52.23,1.0056589147286823,Alb
Maimuta,Mamifer,2.96,6,Jungla,Nu,25.92830618892508,0.94,Maro
Papagal,Pasare,70.94517964071856,15,Jungla,Nu,25.92830618892508,1.0056589147286823,Rosu
Soparla,Reptila,0.12,16,Desert,Nu,17.28,0.1,Verde
Lup,Mamifer,39.25,2,Padure,Nu,50.51,1.0056589147286823,Alb
Camila,Mamifer,408.17,23,Desert,Nu,38.4,1.18,Maro
Maimuta,Mamifer,1.87,22,Jungla,Nu,25.92830618892508,0.51,Bej
Soparla,Reptila,0.14,1,Jungla,Nu,15.33,0.11,Maro
Sarpe Boa,Reptila,70.94517964071856,29,Jungla,Nu,0.92,1.0056589147286823,Verde
Lup,Mamifer,5.58,6,Padure,Nu,55.99,1.0056589147286823,Alb
Strut,Pasare,48.76,2,Padure,Da,25.92830618892508,1.69,Negru
Lup,Mamifer,24.32,2,Padure,Nu,58.99,1.0056589147286823,Alb
Papagal,Pasare,70.94517964071856,9,Jungla,Da,25.92830618892508,1.0056589147286823,Albastru
Papagal,Pasare,70.94517964071856,56,Jungla,Nu,25.92830618892508,1.0056589147286823,Verde
Soparla,Reptila,0.21,10,Padure,Nu,16.02,0.08,Maro
Papagal,Pasare,70.94517964071856,41,Jungla,Nu,25.92830618892508,1.0056589147286823,Rosu
Lup,Mamifer,20.4,6,Padure,Da,51.54,1.0056589147286823,Cenusiu
Vipera,Reptila,70.94517964071856,2,Padure,Nu,3.01,1.0056589147286823,Negru
Bufnita,Pasare,70.94517964071856,2,Padure,Nu,25.92830618892508,1.0056589147286823,Gri
Bufnita,Pasare,70.94517964071856,10,Padure,Nu,25.92830618892508,1.0056589147286823,Alb
Papagal,Pasare,70.94517964071856,41,Padure,Da,25.92830618892508,1.0056589147286823,Verde
Sarpe Boa,Reptila,70.94517964071856,29,Jungla,Nu,1.99,1.0056589147286823,Alb
Vipera,Reptila,70.94517964071856,2,Padure,Nu,4.99,1.0056589147286823,Negru
Papagal,Pasare,70.94517964071856,16,Jungla,Da,25.92830618892508,1.0056589147286823,Verde
Vipera,Reptila,70.94517964071856,7,Padure,Nu,4.84,1.0056589147286823,Negru
Soparla,Reptila,0.1,16,Jungla,Nu,18.5,0.12,Verde
Vipera,Reptila,70.94517964071856,4,Padure,Nu,3.44,1.0056589147286823,Cenusiu
Maimuta,Mamifer,3.95,10,Jungla,Nu,25.92830618892508,0.69,Bej
Bufnita,Pasare,70.94517964071856,19,Padure,Nu,25.92830618892508,1.0056589147286823,Alb
Sarpe Boa,Reptila,70.94517964071856,23,Jungla,Nu,1.36,1.0056589147286823,Verde
Lup,Mamifer,32.24,7,Padure,Da,50.81,1.0056589147286823,Cenusiu
Papagal,Pasare,70.94517964071856,46,Jungla,Nu,25.92830618892508,1.0056589147286823,Albastru
Maimuta,Mamifer,2.51,11,Jungla,Nu,25.92830618892508,0.62,Maro
Lup,Mamifer,28.8,13,Padure,Nu,57.7,1.0056589147286823,Alb
Soparla,Reptila,0.11,13,Desert,Nu,15.46,0.14,Verde
Camila,Mamifer,91.15,5,Desert,Nu,34.94,1.74,Maro
Maimuta,Mamifer,3.81,19,Jungla,Nu,25.92830618892508,0.95,Bej
Vipera,Reptila,70.94517964071856,8,Padure,Nu,3.68,1.0056589147286823,Negru
Vipera,Reptila,70.94517964071856,7,Jungla,Nu,4.02,1.0056589147286823,Cenusiu
Maimuta,Mamifer,0.28,10,Jungla,Nu,25.92830618892508,0.99,Bej
Vipera,Reptila,70.94517964071856,4,Padure,Nu,2.38,1.0056589147286823,Cenusiu
Camila,Mamifer,586.7,28,Desert,Nu,57.65,1.98,Bej
Soparla,Reptila,0.11,10,Jungla,Da,15.75,0.05,Maro
Papagal,Pasare,70.94517964071856,11,Padure,Nu,25.92830618892508,1.0056589147286823,Albastru
Papagal,Pasare,70.94517964071856,54,Jungla,Nu,25.92830618892508,1.0056589147286823,Verde
Soparla,Reptila,0.11,5,Jungla,Nu,16.62,0.12,Verde
Lup,Mamifer,41.15,13,Padure,Nu,56.82,1.0056589147286823,Cenusiu
Camila,Mamifer,90.75,31,Desert,Nu,49.79,1.33,Bej
Papagal,Pasare,70.94517964071856,32,Jungla,Da,25.92830618892508,1.0056589147286823,Albastru
Maimuta,Mamifer,2.86,21,Jungla,Nu,25.92830618892508,0.59,Bej
Lup,Mamifer,14.63,12,Padure,Da,56.56,1.0056589147286823,Alb
Strut,Pasare,34.67,2,Desert,Nu,25.92830618892508,1.68,Alb
Strut,Pasare,28.15,2,Desert,Nu,25.92830618892508,1.57,Negru
Strut,Pasare,77.63,2,Desert,Nu,25.92830618892508,1.97,Negru
Strut,Pasare,47.92,2,Desert,Nu,25.92830618892508,2.37,Negru
Camila,Mamifer,363.29,49,Desert,Nu,57.42,1.32,Bej
Bufnita,Pasare,70.94517964071856,3,Padure,Nu,25.92830618892508,1.0056589147286823,Gri
Bufnita,Pasare,70.94517964071856,11,Padure,Nu,25.92830618892508,1.0056589147286823,Gri
Sarpe Boa,Reptila,70.94517964071856,15,Jungla,Da,1.75,1.0056589147286823,Verde
Soparla,Reptila,0.11,11,Desert,Nu,15.31,0.08,Alb
Soparla,Reptila,0.16,5,Padure,Nu,16.13,0.1,Maro
Lup,Mamifer,36.1,1,Padure,Nu,59.91,1.0056589147286823,Cenusiu
Bufnita,Pasare,70.94517964071856,14,Padure,Nu,25.92830618892508,1.0056589147286823,Negru
Soparla,Reptila,0.14,1,Jungla,Nu,19.62,0.1,Maro
Papagal,Pasare,70.94517964071856,34,Jungla,Nu,25.92830618892508,1.0056589147286823,Albastru
Maimuta,Mamifer,0.96,16,Jungla,Nu,25.92830618892508,0.81,Maro
Bufnita,Pasare,70.94517964071856,8,Padure,Nu,25.92830618892508,1.0056589147286823,Gri
Lup,Mamifer,41.21,11,Padure,Da,52.39,1.0056589147286823,Alb
Sarpe Boa,Reptila,70.94517964071856,8,Jungla,Nu,1.28,1.0056589147286823,Verde
Soparla,Reptila,0.23,3,Padure,Nu,17.73,0.07,Verde
Lup,Mamifer,27.98,4,Padure,Nu,53.12,1.0056589147286823,Cenusiu
Maimuta,Mamifer,1.74,8,Jungla,Nu,25.92830618892508,0.37,Bej
Papagal,Pasare,70.94517964071856,51,Jungla,Nu,25.92830618892508,1.0056589147286823,Albastru
Camila,Mamifer,541.45,43,Desert,Nu,55.85,1.29,Maro
Strut,Pasare,120.7,2,Padure,Da,25.92830618892508,2.04,Alb
Strut,Pasare,11.63,2,Padure,Nu,25.92830618892508,1.82,Alb
Vipera,Reptila,70.94517964071856,7,Padure,Nu,2.86,1.0056589147286823,Cenusiu
Soparla,Reptila,0.12,15,Jungla,Da,17.48,0.07,Maro
Vipera,Reptila,70.94517964071856,8,Jungla,Nu,4.69,1.0056589147286823,Cenusiu
Bufnita,Pasare,70.94517964071856,12,Padure,Nu,25.92830618892508,1.0056589147286823,Gri
Lup,Mamifer,21.35,8,Padure,Nu,55.24,1.0056589147286823,Cenusiu
Vipera,Reptila,70.94517964071856,13,Jungla,Nu,4.08,1.0056589147286823,Negru
Papagal,Pasare,70.94517964071856,1,Jungla,Nu,25.92830618892508,1.0056589147286823,Albastru
Strut,Pasare,135.72,2,Padure,Nu,25.92830618892508,2.18,Negru
Strut,Pasare,123.02,1,Desert,Nu,25.92830618892508,1.87,Negru
Lup,Mamifer,18.9,13,Padure,Nu,55.85,1.0056589147286823,Cenusiu
Papagal,Pasare,70.94517964071856,39,Jungla,Nu,25.92830618892508,1.0056589147286823,Rosu
Sarpe Boa,Reptila,70.94517964071856,4,Jungla,Nu,1.67,1.0056589147286823,Alb
Sarpe Boa,Reptila,70.94517964071856,25,Jungla,Nu,0.92,1.0056589147286823,Maro
Bufnita,Pasare,70.94517964071856,4,Padure,Nu,25.92830618892508,1.0056589147286823,Gri
Papagal,Pasare,70.94517964071856,22,Jungla,Nu,25.92830618892508,1.0056589147286823,Verde
Maimuta,Mamifer,3.17,20,Jungla,Nu,25.92830618892508,0.81,Bej
Maimuta,Mamifer,2.03,6,Jungla,Nu,25.92830618892508,0.82,Bej
Strut,Pasare,33.5,2,Desert,Nu,25.92830618892508,2.09,Alb
Papagal,Pasare,70.94517964071856,39,Jungla,Da,25.92830618892508,1.0056589147286823,Verde
Strut,Pasare,116.18,2,Desert,Da,25.92830618892508,1.7,Negru
Papagal,Pasare,70.94517964071856,39,Padure,Nu,25.92830618892508,1.0056589147286823,Rosu
Vipera,Reptila,70.94517964071856,12,Jungla,Nu,3.06,1.0056589147286823,Verde
Strut,Pasare,24.63,1,Padure,Nu,25.92830618892508,1.7,Alb
Papagal,Pasare,70.94517964071856,21,Jungla,Nu,25.92830618892508,1.0056589147286823,Albastru
Vipera,Reptila,70.94517964071856,1,Jungla,Nu,4.69,1.0056589147286823,Negru
Camila,Mamifer,154.62,27,Desert,Da,56.66,1.18,Maro
Soparla,Reptila,0.24,2,Desert,Da,16.6,0.11,Maro
Soparla,Reptila,0.15,16,Jungla,Nu,17.69,0.07,Maro
Lup,Mamifer,44.77,14,Padure,Da,59.98,1.0056589147286823,Alb
Bufnita,Pasare,70.94517964071856,4,Padure,Nu,25.92830618892508,1.0056589147286823,Gri
Sarpe Boa,Reptila,70.94517964071856,24,Jungla,Nu,0.83,1.0056589147286823,Verde
Sarpe Boa,Reptila,70.94517964071856,23,Jungla,Da,0.74,1.0056589147286823,Verde
Soparla,Reptila,0.18,11,Padure,Nu,15.38,0.08,Maro
Lup,Mamifer,31.78,5,Padure,Da,53.32,1.0056589147286823,Cenusiu
Camila,Mamifer,614.23,4,Desert,Nu,62.09,1.59,Bej
Strut,Pasare,103.12,1,Desert,Nu,25.92830618892508,1.59,Negru
Maimuta,Mamifer,0.41,14,Jungla,Nu,25.92830618892508,0.57,Bej
Sarpe Boa,Reptila,70.94517964071856,20,Jungla,Nu,1.67,1.0056589147286823,Alb
Lup,Mamifer,32.66,3,Padure,Nu,58.24,1.0056589147286823,Alb
Strut,Pasare,36.21,2,Desert,Nu,25.92830618892508,1.74,Alb
Lup,Mamifer,0.59,15,Padure,Nu,57.0,1.0056589147286823,Cenusiu
Soparla,Reptila,0.17,19,Jungla,Nu,15.5,0.08,Maro
Maimuta,Mamifer,1.65,20,Jungla,Nu,25.92830618892508,0.68,Bej
Lup,Mamifer,39.24,3,Padure,Da,55.81,1.0056589147286823,Alb
Bufnita,Pasare,70.94517964071856,4,Padure,Da,25.92830618892508,1.0056589147286823,Alb
Strut,Pasare,96.56,2,Desert,Nu,25.92830618892508,1.64,Alb
Strut,Pasare,34.9,2,Padure,Nu,25.92830618892508,2.14,Alb
Maimuta,Mamifer,3.68,2,Jungla,Nu,25.92830618892508,0.88,Bej
Bufnita,Pasare,70.94517964071856,3,Padure,Nu,25.92830618892508,1.0056589147286823,Alb
Sarpe Boa,Reptila,70.94517964071856,25,Padure,Nu,1.24,1.0056589147286823,Alb
Soparla,Reptila,0.29,8,Padure,Da,19.32,0.14,Maro
Bufnita,Pasare,70.94517964071856,13,Padure,Nu,25.92830618892508,1.0056589147286823,Alb
Maimuta,Mamifer,0.75,18,Jungla,Da,25.92830618892508,0.9,Maro
Vipera,Reptila,70.94517964071856,2,Jungla,Nu,3.86,1.0056589147286823,Negru
Soparla,Reptila,0.19,7,Jungla,Da,17.38,0.08,Maro
Strut,Pasare,121.95,1,Desert,Nu,25.92830618892508,2.43,Negru
Papagal,Pasare,70.94517964071856,14,Jungla,Nu,25.92830618892508,1.0056589147286823,Rosu
Camila,Mamifer,360.97,12,Desert,Nu,62.96,1.14,Maro
Sarpe Boa,Reptila,70.94517964071856,20,Padure,Nu,0.63,1.0056589147286823,Alb
Lup,Mamifer,1.76,8,Padure,Nu,52.31,1.0056589147286823,Cenusiu
Bufnita,Pasare,70.94517964071856,9,Padure,Nu,25.92830618892508,1.0056589147286823,Negru
Lup,Mamifer,16.83,9,Padure,Nu,58.3,1.0056589147286823,Alb
Sarpe Boa,Reptila,70.94517964071856,13,Jungla,Nu,0.75,1.0056589147286823,Maro
Papagal,Pasare,70.94517964071856,51,Jungla,Nu,25.92830618892508,1.0056589147286823,Albastru
Papagal,Pasare,70.94517964071856,42,Jungla,Nu,25.92830618892508,1.0056589147286823,Albastru
Papagal,Pasare,70.94517964071856,39,Jungla,Nu,25.92830618892508,1.0056589147286823,Verde
Strut,Pasare,68.97,2,Padure,Da,25.92830618892508,2.17,Alb
Soparla,Reptila,0.24,4,Jungla,Nu,15.85,0.12,Maro
Camila,Mamifer,301.27,23,Desert,Da,35.31,1.59,Bej
Lup,Mamifer,29.27,3,Padure,Da,57.13,1.0056589147286823,Cenusiu
Maimuta,Mamifer,3.88,19,Jungla,Nu,25.92830618892508,0.46,Bej
Soparla,Reptila,0.18,5,Desert,Da,19.94,0.11,Maro
Maimuta,Mamifer,2.8,24,Jungla,Da,25.92830618892508,0.95,Bej
Strut,Pasare,30.77,2,Desert,Nu,25.92830618892508,1.93,Alb
Bufnita,Pasare,70.94517964071856,11,Padure,Nu,25.92830618892508,1.0056589147286823,Gri
Maimuta,Mamifer,3.94,1,Jungla,Nu,25.92830618892508,0.88,Bej
Bufnita,Pasare,70.94517964071856,18,Padure,Nu,25.92830618892508,1.0056589147286823,Alb
Camila,Mamifer,375.93,21,Desert,Nu,32.3,1.05,Bej
Soparla,Reptila,0.19,18,Jungla,Nu,16.28,0.13,Verde
Vipera,Reptila,70.94517964071856,5,Padure,Nu,3.23,1.0056589147286823,Verde
Strut,Pasare,132.27,2,Desert,Da,25.92830618892508,2.43,Negru
Strut,Pasare,129.42,1,Desert,Da,25.92830618892508,2.32,Alb
Vipera,Reptila,70.94517964071856,8,Padure,Nu,3.09,1.0056589147286823,Cenusiu
Strut,Pasare,38.46,1,Desert,Da,25.92830618892508,1.56,Negru
Camila,Mamifer,149.25,22,Desert,Nu,45.04,1.25,Bej
Maimuta,Mamifer,1.33,3,Jungla,Nu,25.92830618892508,0.57,Bej
Bufnita,Pasare,70.94517964071856,14,Padure,Nu,25.92830618892508,1.0056589147286823,Alb
Papagal,Pasare,70.94517964071856,35,Jungla,Da,25.92830618892508,1.0056589147286823,Verde
Lup,Mamifer,8.41,3,Padure,Nu,52.76,1.0056589147286823,Alb
Vipera,Reptila,70.94517964071856,14,Padure,Nu,3.96,1.0056589147286823,Negru
Strut,Pasare,121.57,2,Padure,Nu,25.92830618892508,1.82,Alb
Bufnita,Pasare,70.94517964071856,14,Padure,Nu,25.92830618892508,1.0056589147286823,Gri
Soparla,Reptila,0.29,3,Jungla,Da,16.19,0.12,Maro
Maimuta,Mamifer,3.04,20,Jungla,Nu,25.92830618892508,0.77,Maro
Maimuta,Mamifer,3.47,17,Jungla,Nu,25.92830618892508,0.65,Bej
Maimuta,Mamifer,1.83,22,Jungla,Nu,25.92830618892508,0.74,Bej
Sarpe Boa,Reptila,70.94517964071856,25,Padure,Nu,0.95,1.0056589147286823,Alb
Soparla,Reptila,0.17,11,Padure,Nu,15.46,0.11,Verde
Vipera,Reptila,70.94517964071856,11,Jungla,Da,3.3,1.0056589147286823,Cenusiu
Papagal,Pasare,70.94517964071856,50,Jungla,Da,25.92830618892508,1.0056589147286823,Albastru
Lup,Mamifer,43.87,11,Padure,Nu,51.26,1.0056589147286823,Alb
Lup,Mamifer,39.1,12,Padure,Nu,54.92,1.0056589147286823,Alb
Maimuta,Mamifer,3.66,21,Jungla,Nu,25.92830618892508,0.95,Maro
Papagal,Pasare,70.94517964071856,57,Padure,Da,25.92830618892508,1.0056589147286823,Albastru
Lup,Mamifer,42.03,10,Padure,Nu,55.45,1.0056589147286823,Alb
Lup,Mamifer,43.6,3,Padure,Nu,58.75,1.0056589147286823,Cenusiu
Bufnita,Pasare,70.94517964071856,4,Padure,Nu,25.92830618892508,1.0056589147286823,Gri
Sarpe Boa,Reptila,70.94517964071856,6,Padure,Da,0.95,1.0056589147286823,Alb
Sarpe Boa,Reptila,70.94517964071856,13,Padure,Da,1.48,1.0056589147286823,Verde
Maimuta,Mamifer,0.25,1,Jungla,Nu,25.92830618892508,0.52,Maro
Camila,Mamifer,272.57,7,Desert,Nu,57.63,1.39,Maro
Bufnita,Pasare,70.94517964071856,9,Padure,Nu,25.92830618892508,1.0056589147286823,Gri
Camila,Mamifer,627.45,4,Desert,Nu,33.11,1.46,Bej
Soparla,Reptila,0.23,8,Desert,Nu,16.04,0.08,Verde
Vipera,Reptila,70.94517964071856,9,Padure,Nu,2.1,1.0056589147286823,Verde
Sarpe Boa,Reptila,70.94517964071856,14,Padure,Nu,1.69,1.0056589147286823,Maro
Soparla,Reptila,0.17,4,Padure,Nu,16.82,0.14,Alb
Papagal,Pasare,70.94517964071856,1,Jungla,Nu,25.92830618892508,1.0056589147286823,Verde
Strut,Pasare,29.57,2,Desert,Nu,25.92830618892508,2.37,Alb
Strut,Pasare,15.76,2,Padure,Nu,25.92830618892508,1.81,Negru
Camila,Mamifer,92.99,31,Desert,Da,58.21,1.32,Maro
Maimuta,Mamifer,0.64,11,Jungla,Nu,25.92830618892508,0.42,Bej
Camila,Mamifer,47.58,35,Desert,Nu,41.81,1.07,Bej
Strut,Pasare,138.27,2,Desert,Nu,25.92830618892508,2.37,Negru
Strut,Pasare,23.53,2,Padure,Nu,25.92830618892508,2.4,Negru
Bufnita,Pasare,70.94517964071856,7,Padure,Nu,25.92830618892508,1.0056589147286823,Negru
Maimuta,Mamifer,1.97,8,Jungla,Nu,25.92830618892508,0.71,Bej
Maimuta,Mamifer,3.42,5,Jungla,Nu,25.92830618892508,0.74,Bej
Sarpe Boa,Reptila,70.94517964071856,8,Jungla,Nu,0.69,1.0056589147286823,Verde
Soparla,Reptila,0.23,9,Jungla,Nu,17.96,0.14,Verde
Vipera,Reptila,70.94517964071856,5,Jungla,Nu,2.47,1.0056589147286823,Cenusiu
Soparla,Reptila,0.26,1,Desert,Nu,17.2,0.11,Maro
Lup,Mamifer,22.47,13,Padure,Nu,54.42,1.0056589147286823,Cenusiu
Soparla,Reptila,0.29,14,Padure,Nu,17.27,0.15,Verde
Sarpe Boa,Reptila,70.94517964071856,3,Jungla,Nu,1.68,1.0056589147286823,Alb
Strut,Pasare,87.25,2,Desert,Nu,25.92830618892508,2.29,Alb
Maimuta,Mamifer,1.51,25,Jungla,Nu,25.92830618892508,0.83,Bej
Vipera,Reptila,70.94517964071856,8,Padure,Nu,3.86,1.0056589147286823,Negru
Soparla,Reptila,0.21,5,Jungla,Da,18.03,0.14,Alb
Papagal,Pasare,70.94517964071856,58,Jungla,Nu,25.92830618892508,1.0056589147286823,Albastru
Maimuta,Mamifer,0.24,21,Jungla,Nu,25.92830618892508,0.45,Bej
Maimuta,Mamifer,2.65,22,Jungla,Nu,25.92830618892508,0.94,Maro
Lup,Mamifer,36.05,10,Padure,Nu,50.25,1.0056589147286823,Cenusiu
Soparla,Reptila,0.25,13,Desert,Nu,17.74,0.14,Maro
Soparla,Reptila,0.12,17,Desert,Nu,17.46,0.12,Verde
Strut,Pasare,111.68,1,Desert,Nu,25.92830618892508,2.22,Alb
Maimuta,Mamifer,2.15,6,Jungla,Nu,25.92830618892508,0.91,Bej
Bufnita,Pasare,70.94517964071856,15,Padure,Nu,25.92830618892508,1.0056589147286823,Alb
Lup,Mamifer,1.59,14,Padure,Nu,58.06,1.0056589147286823,Alb
Lup,Mamifer,39.23,3,Padure,Nu,51.11,1.0056589147286823,Alb
Lup,Mamifer,7.01,6,Padure,Nu,54.31,1.0056589147286823,Cenusiu
Vipera,Reptila,70.94517964071856,12,Jungla,Nu,2.67,1.0056589147286823,Negru
Papagal,Pasare,70.94517964071856,41,Jungla,Nu,25.92830618892508,1.0056589147286823,Albastru
Bufnita,Pasare,70.94517964071856,13,Padure,Nu,25.92830618892508,1.0056589147286823,Alb
Lup,Mamifer,2.81,12,Padure,Nu,56.14,1.0056589147286823,Alb
Vipera,Reptila,70.94517964071856,3,Jungla,Da,3.15,1.0056589147286823,Negru
Lup,Mamifer,11.16,2,Padure,Nu,58.96,1.0056589147286823,Alb
Maimuta,Mamifer,0.63,10,Jungla,Nu,25.92830618892508,0.52,Maro
Sarpe Boa,Reptila,70.94517964071856,25,Jungla,Nu,0.92,1.0056589147286823,Verde
Maimuta,Mamifer,0.74,16,Jungla,Nu,25.92830618892508,0.61,Bej
Strut,Pasare,112.94,1,Desert,Nu,25.92830618892508,1.57,Negru
Maimuta,Mamifer,3.21,13,Jungla,Nu,25.92830618892508,0.67,Bej
Strut,Pasare,90.14,2,Desert,Nu,25.92830618892508,1.83,Negru
Papagal,Pasare,70.94517964071856,15,Jungla,Nu,25.92830618892508,1.0056589147286823,Rosu
Maimuta,Mamifer,1.34,26,Jungla,Da,25.92830618892508,0.9,Maro
Vipera,Reptila,70.94517964071856,12,Jungla,Da,2.39,1.0056589147286823,Negru
Strut,Pasare,68.87,1,Padure,Nu,25.92830618892508,2.33,Negru
Papagal,Pasare,70.94517964071856,25,Jungla,Nu,25.92830618892508,1.0056589147286823,Verde
Vipera,Reptila,70.94517964071856,2,Padure,Nu,3.61,1.0056589147286823,Cenusiu
Papagal,Pasare,70.94517964071856,36,Padure,Da,25.92830618892508,1.0056589147286823,Verde
Sarpe Boa,Reptila,70.94517964071856,2,Jungla,Nu,1.67,1.0056589147286823,Alb
Soparla,Reptila,0.22,7,Desert,Da,15.3,0.11,Verde
Vipera,Reptila,70.94517964071856,12,Padure,Da,2.94,1.0056589147286823,Cenusiu
Soparla,Reptila,0.26,15,Desert,Da,15.98,0.11,Verde
Lup,Mamifer,9.37,13,Padure,Nu,55.23,1.0056589147286823,Alb
Camila,Mamifer,21.08,38,Desert,Nu,62.34,1.33,Bej
Strut,Pasare,22.59,1,Desert,Nu,25.92830618892508,2.49,Alb
Lup,Mamifer,39.32,10,Padure,Nu,58.12,1.0056589147286823,Cenusiu
Lup,Mamifer,6.76,9,Padure,Nu,58.94,1.0056589147286823,Cenusiu
Camila,Mamifer,286.65,21,Desert,Nu,61.67,1.7,Maro
Lup,Mamifer,11.67,15,Padure,Nu,53.18,1.0056589147286823,Alb
Bufnita,Pasare,70.94517964071856,16,Padure,Nu,25.92830618892508,1.0056589147286823,Gri
Soparla,Reptila,0.12,4,Jungla,Nu,19.32,0.08,Verde
Bufnita,Pasare,70.94517964071856,4,Padure,Nu,25.92830618892508,1.0056589147286823,Alb
Strut,Pasare,121.43,1,Desert,Nu,25.92830618892508,1.68,Negru
Lup,Mamifer,27.39,5,Padure,Nu,53.24,1.0056589147286823,Alb
Papagal,Pasare,70.94517964071856,10,Padure,Nu,25.92830618892508,1.0056589147286823,Rosu
Soparla,Reptila,0.17,7,Jungla,Nu,18.63,0.13,Verde
Sarpe Boa,Reptila,70.94517964071856,29,Jungla,Nu,1.36,1.0056589147286823,Verde
Soparla,Reptila,0.26,4,Jungla,Nu,16.63,0.06,Verde
Strut,Pasare,114.46,1,Desert,Nu,25.92830618892508,1.61,Alb
Camila,Mamifer,251.53,10,Desert,Nu,47.12,1.18,Bej
Papagal,Pasare,70.94517964071856,23,Jungla,Nu,25.92830618892508,1.0056589147286823,Albastru
Sarpe Boa,Reptila,70.94517964071856,5,Jungla,Nu,0.69,1.0056589147286823,Verde
Maimuta,Mamifer,2.28,20,Jungla,Nu,25.92830618892508,0.87,Bej
Camila,Mamifer,362.45,12,Desert,Da,55.35,1.02,Maro
Camila,Mamifer,609.08,30,Desert,Nu,37.59,1.01,Bej
Vipera,Reptila,70.94517964071856,3,Jungla,Nu,2.34,1.0056589147286823,Cenusiu
Vipera,Reptila,70.94517964071856,8,Padure,Da,2.67,1.0056589147286823,Cenusiu
Soparla,Reptila,0.17,14,Jungla,Nu,18.17,0.07,Maro
Bufnita,Pasare,70.94517964071856,7,Padure,Nu,25.92830618892508,1.0056589147286823,Gri
Sarpe Boa,Reptila,70.94517964071856,4,Jungla,Nu,1.13,1.0056589147286823,Alb
Lup,Mamifer,30.78,8,Padure,Da,53.46,1.0056589147286823,Alb
Soparla,Reptila,0.25,15,Jungla,Nu,18.22,0.13,Verde
Vipera,Reptila,70.94517964071856,9,Padure,Nu,2.26,1.0056589147286823,Negru
Maimuta,Mamifer,2.43,3,Jungla,Nu,25.92830618892508,0.31,Bej
Sarpe Boa,Reptila,70.94517964071856,1,Padure,Nu,1.69,1.0056589147286823,Alb
Strut,Pasare,49.86,2,Desert,Nu,25.92830618892508,2.3,Negru
Bufnita,Pasare,70.94517964071856,8,Padure,Nu,25.92830618892508,1.0056589147286823,Alb
Sarpe Boa,Reptila,70.94517964071856,2,Jungla,Da,1.1,1.0056589147286823,Alb
Lup,Mamifer,7.91,13,Padure,Nu,51.91,1.0056589147286823,Cenusiu
Camila,Mamifer,73.54,32,Desert,Nu,64.89,1.27,Maro
Vipera,Reptila,70.94517964071856,5,Jungla,Nu,4.09,1.0056589147286823,Negru
Bufnita,Pasare,70.94517964071856,5,Padure,Nu,25.92830618892508,1.0056589147286823,Gri
Strut,Pasare,63.38,2,Desert,Da,25.92830618892508,1.65,Negru
Vipera,Reptila,70.94517964071856,7,Jungla,Nu,4.85,1.0056589147286823,Cenusiu
Camila,Mamifer,495.75,5,Desert,Nu,38.63,1.25,Maro
Soparla,Reptila,0.14,10,Jungla,Nu,19.1,0.12,Maro
Papagal,Pasare,70.94517964071856,26,Jungla,Nu,25.92830618892508,1.0056589147286823,Verde
Lup,Mamifer,36.27,9,Padure,Nu,54.74,1.0056589147286823,Cenusiu
Papagal,Pasare,70.94517964071856,49,Jungla,Nu,25.92830618892508,1.0056589147286823,Albastru
Bufnita,Pasare,70.94517964071856,19,Padure,Nu,25.92830618892508,1.0056589147286823,Gri
Maimuta,Mamifer,3.22,14,Jungla,Da,25.92830618892508,0.51,Maro
Maimuta,Mamifer,3.22,22,Jungla,Nu,25.92830618892508,0.43,Bej
Vipera,Reptila,70.94517964071856,11,Jungla,Nu,4.55,1.0056589147286823,Negru
Papagal,Pasare,70.94517964071856,30,Padure,Nu,25.92830618892508,1.0056589147286823,Albastru
Soparla,Reptila,0.28,2,Padure,Nu,15.44,0.11,Maro
Papagal,Pasare,70.94517964071856,43,Jungla,Nu,25.92830618892508,1.0056589147286823,Albastru
Papagal,Pasare,70.94517964071856,33,Jungla,Da,25.92830618892508,1.0056589147286823,Verde
Vipera,Reptila,70.94517964071856,2,Padure,Nu,3.68,1.0056589147286823,Cenusiu
Vipera,Reptila,70.94517964071856,5,Jungla,Nu,4.59,1.0056589147286823,Cenusiu
Papagal,Pasare,70.94517964071856,45,Jungla,Da,25.92830618892508,1.0056589147286823,Albastru
Bufnita,Pasare,70.94517964071856,4,Padure,Nu,25.92830618892508,1.0056589147286823,Gri
Soparla,Reptila,0.16,17,Desert,Nu,19.01,0.13,Verde
Maimuta,Mamifer,2.75,1,Jungla,Nu,25.92830618892508,0.34,Bej
Lup,Mamifer,32.95,2,Padure,Nu,53.08,1.0056589147286823,Cenusiu
Maimuta,Mamifer,3.78,7,Jungla,Nu,25.92830618892508,0.42,Bej
Strut,Pasare,91.42,1,Desert,Nu,25.92830618892508,2.44,Negru
Lup,Mamifer,28.27,8,Padure,Nu,50.5,1.0056589147286823,Cenusiu
Lup,Mamifer,12.39,9,Padure,Nu,59.9,1.0056589147286823,Cenusiu
Maimuta,Mamifer,0.79,20,Jungla,Nu,25.92830618892508,0.59,Bej
Lup,Mamifer,3.56,10,Padure,Da,59.4,1.0056589147286823,Cenusiu
Maimuta,Mamifer,2.31,13,Jungla,Nu,25.92830618892508,0.63,Bej
Camila,Mamifer,630.5,46,Desert,Nu,53.32,1.08,Bej
Vipera,Reptila,70.94517964071856,4,Padure,Nu,3.65,1.0056589147286823,Verde
Papagal,Pasare,70.94517964071856,41,Jungla,Nu,25.92830618892508,1.0056589147286823,Albastru
Maimuta,Mamifer,3.0,7,Jungla,Da,25.92830618892508,0.4,Maro
Camila,Mamifer,396.06,10,Desert,Nu,56.3,1.27,Maro
Strut,Pasare,94.31,1,Desert,Nu,25.92830618892508,2.36,Negru
Vipera,Reptila,70.94517964071856,5,Padure,Nu,2.95,1.0056589147286823,Negru
Maimuta,Mamifer,3.48,6,Jungla,Nu,25.92830618892508,0.49,Bej
Papagal,Pasare,70.94517964071856,46,Jungla,Nu,25.92830618892508,1.0056589147286823,Albastru
Bufnita,Pasare,70.94517964071856,8,Padure,Nu,25.92830618892508,1.0056589147286823,Alb
Soparla,Reptila,0.2,3,Jungla,Nu,16.59,0.06,Alb
Sarpe Boa,Reptila,70.94517964071856,24,Jungla,Nu,1.38,1.0056589147286823,Verde
Papagal,Pasare,70.94517964071856,47,Jungla,Nu,25.92830618892508,1.0056589147286823,Verde
Maimuta,Mamifer,0.52,18,Jungla,Nu,25.92830618892508,0.7,Bej
Papagal,Pasare,70.94517964071856,49,Padure,Da,25.92830618892508,1.0056589147286823,Verde
Vipera,Reptila,70.94517964071856,4,Jungla,Nu,4.1,1.0056589147286823,Verde
Maimuta,Mamifer,1.97,22,Jungla,Nu,25.92830618892508,0.73,Maro
Sarpe Boa,Reptila,70.94517964071856,22,Jungla,Nu,1.07,1.0056589147286823,Verde
Vipera,Reptila,70.94517964071856,12,Jungla,Nu,2.58,1.0056589147286823,Verde
Papagal,Pasare,70.94517964071856,15,Jungla,Nu,25.92830618892508,1.0056589147286823,Rosu
Bufnita,Pasare,70.94517964071856,5,Padure,Nu,25.92830618892508,1.0056589147286823,Gri
Maimuta,Mamifer,2.78,13,Jungla,Nu,25.92830618892508,0.46,Bej
Vipera,Reptila,70.94517964071856,3,Jungla,Nu,4.49,1.0056589147286823,Cenusiu
Vipera,Reptila,70.94517964071856,10,Padure,Nu,4.52,1.0056589147286823,Verde
Maimuta,Mamifer,2.31,1,Jungla,Nu,25.92830618892508,0.63,Bej
Strut,Pasare,116.25,2,Desert,Nu,25.92830618892508,2.11,Alb
Papagal,Pasare,70.94517964071856,5,Jungla,Nu,25.92830618892508,1.0056589147286823,Albastru
Papagal,Pasare,70.94517964071856,17,Jungla,Nu,25.92830618892508,1.0056589147286823,Rosu
Camila,Mamifer,202.16,1,Desert,Nu,56.19,1.6,Bej
Maimuta,Mamifer,1.43,6,Jungla,Nu,25.92830618892508,0.47,Bej
Papagal,Pasare,70.94517964071856,34,Padure,Nu,25.92830618892508,1.0056589147286823,Verde
Papagal,Pasare,70.94517964071856,36,Jungla,Nu,25.92830618892508,1.0056589147286823,Verde
Camila,Mamifer,161.55,18,Desert,Nu,37.38,1.77,Bej
Camila,Mamifer,455.26,11,Desert,Nu,58.47,1.01,Maro
Lup,Mamifer,26.15,9,Padure,Nu,54.2,1.0056589147286823,Cenusiu
Lup,Mamifer,38.29,13,Padure,Nu,51.94,1.0056589147286823,Cenusiu
Papagal,Pasare,70.94517964071856,27,Padure,Da,25.92830618892508,1.0056589147286823,Verde
Maimuta,Mamifer,3.29,16,Jungla,Nu,25.92830618892508,0.41,Bej
Camila,Mamifer,281.41,23,Desert,Da,41.12,1.11,Maro
Papagal,Pasare,70.94517964071856,25,Jungla,Nu,25.92830618892508,1.0056589147286823,Verde
Sarpe Boa,Reptila,70.94517964071856,28,Jungla,Da,1.12,1.0056589147286823,Verde
Sarpe Boa,Reptila,70.94517964071856,18,Jungla,Nu,1.95,1.0056589147286823,Verde
Papagal,Pasare,70.94517964071856,44,Jungla,Nu,25.92830618892508,1.0056589147286823,Verde
Lup,Mamifer,7.81,14,Padure,Nu,51.17,1.0056589147286823,Cenusiu
Bufnita,Pasare,70.94517964071856,6,Padure,Nu,25.92830618892508,1.0056589147286823,Gri
Sarpe Boa,Reptila,70.94517964071856,21,Jungla,Nu,1.16,1.0056589147286823,Alb
Vipera,Reptila,70.94517964071856,8,Padure,Nu,4.57,1.0056589147286823,Negru
Strut,Pasare,41.55,2,Desert,Nu,25.92830618892508,2.44,Alb
Vipera,Reptila,70.94517964071856,14,Padure,Nu,2.55,1.0056589147286823,Negru
Bufnita,Pasare,70.94517964071856,5,Padure,Nu,25.92830618892508,1.0056589147286823,Alb
Sarpe Boa,Reptila,70.94517964071856,29,Jungla,Da,0.52,1.0056589147286823,Verde
Lup,Mamifer,42.79,5,Padure,Nu,56.38,1.0056589147286823,Alb
Lup,Mamifer,38.52,2,Padure,Nu,55.43,1.0056589147286823,Cenusiu
Maimuta,Mamifer,1.97,8,Jungla,Nu,25.92830618892508,0.51,Bej
Vipera,Reptila,70.94517964071856,6,Jungla,Nu,4.82,1.0056589147286823,Cenusiu
Vipera,Reptila,70.94517964071856,5,Jungla,Nu,2.41,1.0056589147286823,Negru
Papagal,Pasare,70.94517964071856,54,Jungla,Nu,25.92830618892508,1.0056589147286823,Verde
Lup,Mamifer,8.17,4,Padure,Nu,54.05,1.0056589147286823,Alb
Camila,Mamifer,385.65,10,Desert,Nu,31.83,1.84,Maro
Maimuta,Mamifer,0.17,11,Jungla,Nu,25.92830618892508,0.73,Bej
